feature,gain
V258,811884.5753631592
V294,428574.8821258545
C14,396041.9799499512
P_emaildomain,255301.9842224121
C4,220047.58058929443
card1,205985.80211639404
C13,201163.59562683105
TransactionAmt,200010.2102508545
card2,188995.3927001953
C1,178462.53183746338
DeviceInfo,171737.57345581055
id_31,170200.90212249756
V70,160298.5445022583
addr1,131799.94102478027
card6,123176.5326538086
D15,114842.78678131104
R_emaildomain,110146.50945281982
D1,92099.69409179688
id_30,91551.45489501953
D2,89881.04927062988
V90,89212.59795379639
D3,83509.60321044922
card5,82781.54350280762
C5,81445.33166503906
V91,79983.70802307129
id_33,79166.52529907227
C11,76348.97200775146
D10,75583.4412765503
C2,71434.95840454102
dist1,70721.82294464111
V312,67810.89722442627
D4,64493.776206970215
V308,52628.5500793457
D11,49779.74954986572
card3,49625.262382507324
C6,48429.554138183594
V283,44343.47142791748
M6,38828.210205078125
ProductCD,37889.55350494385
C9,37321.47706604004
id_02,37267.8828125
M5,37032.30547332764
V310,36966.66067504883
V317,35340.35411071777
V314,33068.54644012451
V315,30075.834182739258
V336,29033.46258544922
D8,28199.134559631348
M4,26658.656227111816
V62,25725.949729919434
V309,22271.209182739258
V45,20333.961044311523
card4,18394.261268615723
V83,17997.251762390137
id_20,17659.362190246582
id_14,17346.589477539062
D5,17299.061599731445
V243,17082.117141723633
V29,16304.375343322754
V307,16293.730834960938
V87,16196.990036010742
V320,15628.091934204102
V313,15556.298851013184
C8,15446.08763885498
V54,14719.261138916016
V82,14575.156494140625
M3,14514.41714477539
V35,13839.405288696289
C10,13523.25732421875
V281,13207.155059814453
V189,13094.513107299805
V53,12689.226058959961
V285,12676.58869934082
V61,12123.660102844238
V282,11959.757987976074
C12,11908.909439086914
V20,11579.356224060059
id_09,11436.846977233887
V130,11172.221008300781
V75,11061.079856872559
V257,11048.884902954102
V13,11014.363243103027
id_06,11004.263000488281
V136,10563.259704589844
M8,10172.78044128418
M9,10138.668472290039
V12,10094.948280334473
V67,10092.804954528809
V49,9935.095001220703
V162,9536.35285949707
V201,9461.159118652344
V96,9283.109184265137
V76,8971.528205871582
V324,8622.741989135742
V187,8505.339080810547
V133,8225.442985534668
V19,8070.834991455078
V99,8061.239059448242
id_16,7930.654739379883
V156,7901.5169677734375
V38,7896.573600769043
V102,7800.086975097656
id_05,7756.719215393066
V128,7507.802047729492
V311,7272.112342834473
V2,7247.720718383789
V127,7222.762336730957
id_19,7202.745254516602
D13,6938.6135330200195
V177,6816.812202453613
V169,6775.693565368652
V165,6670.060188293457
V296,6535.7168045043945
V55,6515.345672607422
V298,6450.349166870117
V129,6434.073867797852
id_01,6383.634704589844
V56,6345.543411254883
dist2,6305.464805603027
V36,6105.5260009765625
id_13,5775.329624176025
V244,5774.125915527344
V4,5697.08012008667
V86,5675.359535217285
V131,5623.2443923950195
id_18,5609.189781188965
id_03,5585.685203552246
V78,5467.313529968262
M2,5458.063285827637
D12,5392.957817077637
V37,5304.505180358887
V30,5298.427993774414
id_38,5167.819915771484
V44,5112.154479980469
M7,4720.098480224609
id_17,4561.010223388672
V291,4313.670677185059
V79,4253.608901977539
D14,4161.3271408081055
V318,4140.774345397949
V149,4127.265007019043
V141,4092.239990234375
V48,4059.2024536132812
D9,3949.963897705078
V7,3634.022994995117
V159,3628.5593795776367
D6,3548.8350143432617
V23,3514.2199096679688
V5,3470.1160049438477
V160,3458.0526275634766
V262,3454.9911041259766
V94,3397.737617492676
V289,3254.642303466797
V77,3137.882537841797
V124,3044.510498046875
V217,3004.0589752197266
V69,2926.831008911133
V176,2923.1129150390625
C3,2773.236015319824
V225,2732.878044128418
V24,2688.095977783203
V145,2651.721878051758
V143,2532.0359420776367
V11,2512.026969909668
V139,2323.4869995117188
V33,2196.6717224121094
V3,2193.3383026123047
addr2,2179.070114135742
V10,2167.0335235595703
V205,2134.3859939575195
V52,2017.5890045166016
V164,1972.766990661621
id_11,1950.172004699707
V66,1925.5174560546875
V306,1919.807716369629
V335,1889.5339584350586
V74,1874.650001525879
V25,1793.7579956054688
V271,1749.5480194091797
V300,1745.912971496582
V267,1718.0430297851562
V47,1700.4670028686523
V26,1575.125
V152,1560.901985168457
V150,1555.5499877929688
V6,1550.447120666504
V105,1490.532569885254
V154,1486.467041015625
id_32,1485.199951171875
V266,1467.2480010986328
V261,1460.3449783325195
V321,1451.5659866333008
V248,1431.2223281860352
V137,1424.9400024414062
V332,1374.5229949951172
V316,1347.7798156738281
V51,1329.400993347168
V264,1311.8559875488281
V333,1290.1543807983398
V288,1288.9306030273438
V295,1273.0410919189453
V134,1257.162986755371
V58,1207.9034042358398
V126,1179.6455917358398
V293,1171.4539947509766
V166,1171.3607788085938
V206,1170.5680084228516
V161,1158.9389953613281
V34,1097.2867126464844
V301,1089.4033813476562
V272,1080.885009765625
V219,1071.3199920654297
V234,1056.3991165161133
V323,1054.7440032958984
V170,1042.5008010864258
V280,1020.1809921264648
V73,1006.2099914550781
V253,993.5239868164062
V178,979.9753952026367
V43,954.0339965820312
V268,949.0786895751953
V326,946.9319915771484
V8,946.0280151367188
V270,937.3310089111328
V224,902.3739929199219
V151,901.031005859375
V215,879.5920104980469
V292,862.6210021972656
V115,862.1460189819336
V209,843.1049880981445
DeviceType,812.5390167236328
V64,800.6179962158203
V286,796.7960205078125
V221,779.2070007324219
V207,776.3128890991211
V303,775.7269973754883
V100,744.7530059814453
V203,734.2161102294922
V103,733.1980056762695
V263,709.0811004638672
V223,703.81298828125
D7,693.7476043701172
V331,671.0580139160156
V251,649.6530151367188
id_37,641.2840118408203
id_25,606.5252838134766
V216,588.6931991577148
V279,586.3810043334961
V231,584.3059997558594
V339,568.1730041503906
V60,565.1529922485352
V180,554.6750030517578
id_26,550.9109878540039
V230,539.5399932861328
id_07,529.1455993652344
V274,519.1939926147461
V226,506.35301208496094
V163,504.2939987182617
V72,496.8554992675781
V135,495.59400939941406
V98,494.8609924316406
V179,491.35801696777344
V229,490.7149887084961
V85,487.9359893798828
V123,487.6709899902344
V182,473.5080032348633
V287,457.58799743652344
V50,455.1999969482422
V222,439.8869934082031
V319,417.07640075683594
V132,413.9779968261719
V148,412.0769958496094
V236,403.3559875488281
id_15,391.43199157714844
V140,360.69799041748047
V255,360.1510009765625
V18,357.08800506591797
V42,347.60789489746094
V93,340.52301025390625
V125,335.56600189208984
C7,330.2106018066406
V71,304.5360107421875
V265,304.34100341796875
V194,289.9150085449219
V210,289.3470001220703
V220,288.69490814208984
V328,286.7919921875
V171,284.22200775146484
V233,281.04300689697266
V277,279.37599182128906
V175,274.78399658203125
V256,269.27100372314453
V172,269.10699462890625
V322,268.1029968261719
V146,267.9020080566406
V80,267.8110046386719
V184,236.75689697265625
V337,236.2310028076172
V228,235.51499938964844
id_10,232.93699645996094
V39,228.9550018310547
V21,222.10699462890625
V16,220.1820068359375
V167,219.34800720214844
V329,218.13499450683594
id_08,214.70599365234375
V142,200.93800354003906
V212,195.4929962158203
M1,193.86500549316406
V218,190.96400451660156
id_35,190.45899963378906
V208,188.21430206298828
id_23,181.5070037841797
V63,179.31199645996094
V40,174.69700622558594
V239,173.12399291992188
V95,169.59500122070312
V81,167.44200134277344
V199,166.62899780273438
id_12,154.3209991455078
V185,152.98599243164062
V168,152.55299377441406
V227,146.63699340820312
V290,146.54100036621094
id_04,143.80499267578125
V92,139.7530059814453
V109,136.27099609375
V338,135.13800048828125
V204,133.37899780273438
V273,131.73800659179688
V104,130.7429962158203
V101,128.94000244140625
V245,128.0229949951172
V302,124.14399719238281
V144,123.25199890136719
V232,123.0250015258789
V260,118.88500213623047
V278,118.83599853515625
V275,118.70700073242188
V106,115.63400268554688
V121,112.54000091552734
V57,109.76200103759766
id_24,104.87799835205078
V9,99.8927001953125
V174,96.81069946289062
V59,94.756103515625
V192,83.13569641113281
V297,74.78230285644531
V183,0.0
V155,0.0
V14,0.0
V15,0.0
V108,0.0
V188,0.0
V153,0.0
V17,0.0
V27,0.0
V107,0.0
V157,0.0
V158,0.0
V147,0.0
V186,0.0
V97,0.0
V22,0.0
V181,0.0
V173,0.0
id_21,0.0
V110,0.0
V191,0.0
V120,0.0
V119,0.0
V118,0.0
id_36,0.0
V117,0.0
id_34,0.0
V116,0.0
V114,0.0
V113,0.0
V1,0.0
id_29,0.0
id_28,0.0
id_27,0.0
V138,0.0
V112,0.0
V111,0.0
id_22,0.0
V190,0.0
V65,0.0
V28,0.0
V247,0.0
V238,0.0
V46,0.0
V240,0.0
V241,0.0
V242,0.0
V246,0.0
V305,0.0
V304,0.0
V249,0.0
V41,0.0
V122,0.0
V252,0.0
V299,0.0
V254,0.0
V259,0.0
V269,0.0
V276,0.0
V68,0.0
V237,0.0
V235,0.0
V284,0.0
V200,0.0
V334,0.0
V193,0.0
V195,0.0
V196,0.0
V330,0.0
V197,0.0
V198,0.0
V327,0.0
V325,0.0
V84,0.0
V31,0.0
V89,0.0
V202,0.0
V88,0.0
V32,0.0
V211,0.0
V213,0.0
V214,0.0
V250,0.0
