threshold,tp,fp,fn,tn,precision,recall,f1,fn_loss,fp_loss,total_cost,savings
0.001,4064,114042,0,2,0.034409767496994224,1.0,0.06653024474093476,0.0,282874541.30300003,282874541.30300003,-224934122.74300003
0.00350125313283208,4064,113834,0,210,0.03447047447793856,1.0,0.06664370869615127,0.0,282650444.836,282650444.836,-224710026.27600002
0.00600250626566416,4063,113254,1,790,0.03463266193305318,0.999753937007874,0.06694622716899679,5278.25,281902489.477,281907767.727,-223967349.167
0.008503759398496239,4057,112265,7,1779,0.034877323292240504,0.9982775590551181,0.06739986377153488,34528.225000000006,280420643.12299997,280455171.348,-222514752.788
0.01100501253132832,4052,110804,12,3240,0.03527895799958208,0.9970472440944882,0.06814665321224353,55020.475,278208870.13400006,278263890.6090001,-220323472.04900008
0.0135062656641604,4050,109011,14,5033,0.03582137076445459,0.9965551181102362,0.06915688367129136,67729.26,275381105.07299995,275448834.33299994,-217508415.77299994
0.01600751879699248,4047,106914,17,7130,0.03647227404223105,0.9958169291338582,0.07036731145403172,81800.515,272162138.206,272243938.72099996,-214303520.16099995
0.01850877192982456,4045,104773,19,9271,0.037172159017809556,0.9953248031496063,0.07166775925302529,101537.015,268780937.01900005,268882474.03400004,-210942055.47400004
0.021010025062656642,4044,102438,20,11606,0.037978249845044235,0.9950787401574803,0.07316411267707561,105162.015,265070720.047,265175882.06199998,-207235463.50199997
0.023511278195488722,4040,99743,24,14301,0.03892737731613077,0.9940944881889764,0.07492095283132587,132248.22,260721063.75599995,260853311.97599995,-202912893.41599995
0.026012531328320803,4034,97151,30,16893,0.03986756930375056,0.9926181102362205,0.07665631027373182,171171.11000000002,256344634.51400006,256515805.62400007,-198575387.06400007
0.028513784461152884,4030,94667,34,19377,0.04083204150075483,0.9916338582677166,0.07843442551162405,190994.83000000002,252301498.01,252492492.84,-194552074.28
0.03101503759398496,4028,92380,36,21664,0.041780765081735956,0.9911417322834646,0.08018154311649017,206570.58,248238328.16699997,248444898.74699998,-190504480.18699998
0.03351629072681704,4025,90146,39,23898,0.04274139597115885,0.9904035433070866,0.0819463531327938,220469.62500000003,244404544.98599997,244625014.61099997,-186684596.05099997
0.03601754385964912,4025,88019,39,26025,0.04372908608926166,0.9904035433070866,0.0837599367378366,220469.62500000003,240427595.908,240648065.533,-182707646.973
0.0385187969924812,4018,85892,46,28152,0.04468913357802247,0.9886811023622047,0.08551301423798072,263235.71,236273099.45900008,236536335.1690001,-178595916.6090001
0.04102005012531328,4013,83825,51,30219,0.04568637719438057,0.9874507874015748,0.08733215816848383,299616.245,232300813.868,232600430.113,-174660011.553
0.043521303258145363,4005,81823,59,32221,0.046663093629118704,0.9854822834645669,0.08910692831397676,363384.645,228544408.445,228907793.09,-170967374.53
0.046022556390977444,4001,79932,63,34112,0.047668974062645204,0.984498031496063,0.09093491823584894,402007.64499999996,225011160.709,225413168.354,-167472749.794
0.048523809523809525,3997,78058,67,35986,0.04871123027237828,0.983513779527559,0.09282504441528583,436044.895,221430758.492,221866803.38700002,-163926384.82700002
0.051025062656641605,3990,76324,74,37720,0.049680005976542076,0.9817913385826772,0.09457441513190644,639456.645,218142707.232,218782163.877,-160841745.317
0.053526315789473686,3985,74619,79,39425,0.05069716553864943,0.9805610236220472,0.09640973532684956,669232.85,214722700.635,215391933.48499998,-157451514.92499998
0.056027568922305766,3977,72986,87,41058,0.0516741811000091,0.9785925196850394,0.09816480926111051,728260.205,211602449.20900002,212330709.41400003,-154390290.85400003
0.05852882205513785,3972,71443,92,42601,0.052668567261154944,0.9773622047244095,0.0999509304344544,752401.505,208497011.66200003,209249413.16700003,-151308994.60700002
0.06103007518796992,3966,69943,98,44101,0.053660582608342694,0.9758858267716536,0.10172752106498405,819448.005,205397738.97400004,206217186.97900003,-148276768.41900003
0.06353132832080201,3959,68494,105,45550,0.05464231984872952,0.9741633858267716,0.1034802723577767,982680.2550000001,202324217.393,203306897.648,-145366479.088
0.06603258145363408,3953,67156,111,46888,0.05559071284928771,0.9726870078740157,0.1051707394942333,1033365.1050000001,199545401.093,200578766.19799998,-142638347.63799998
0.06853383458646617,3944,65818,120,48226,0.056535076402626075,0.9704724409448819,0.10684582667352967,1112217.355,196709066.313,197821283.66799998,-139880865.10799998
0.07103508771929824,3941,64532,123,49512,0.05755553283776087,0.9697342519685039,0.10866178639866551,1140768.105,193868209.64400002,195008977.749,-137068559.189
0.07353634085213033,3936,63260,128,50784,0.058574915173522236,0.968503937007874,0.11046870614650575,1176564.605,191153041.64900002,192329606.254,-134389187.694
0.0760375939849624,3933,62110,131,51934,0.0595521099889466,0.9677657480314961,0.11219992297488125,1195803.605,188693947.63900003,189889751.24400002,-131949332.68400002
0.07853884711779449,3929,60940,135,53104,0.060568222109173876,0.9667814960629921,0.11399474852392903,1232739.355,186011607.545,187244346.89999998,-129303928.33999997
0.08104010025062656,3920,59846,144,54198,0.061474767117272525,0.9645669291338582,0.11558307533539731,1321772.225,183820110.86900002,185141883.094,-127201464.53400001
0.08354135338345864,3916,58739,148,55305,0.06250099752613518,0.9635826771653543,0.1173878505373282,1343917.975,181315476.252,182659394.227,-124718975.667
0.08604260651629073,3911,57703,153,56341,0.06347583341448372,0.9623523622047244,0.11909619659551143,1367700.915,178945623.95200002,180313324.867,-122372906.30700001
0.0885438596491228,3906,56703,158,57341,0.0644458743750928,0.9611220472440944,0.12079229353826171,1403077.4300000002,176504510.84900004,177907588.27900004,-119967169.71900004
0.09104511278195489,3899,55713,165,58331,0.0654062940347581,0.9593996062992126,0.12246372259564044,1441072.8900000001,173938609.591,175379682.48099998,-117439263.92099997
0.09354636591478696,3892,54732,172,59312,0.06638919213973798,0.9576771653543307,0.12417049515058702,1604881.6949999998,171673745.00900003,173278626.70400003,-115338208.14400002
0.09604761904761905,3883,53778,181,60266,0.06734187752553719,0.9554625984251969,0.12581611988659377,1689331.1949999998,169339851.67700002,171029182.872,-113088764.312
0.09854887218045112,3874,52903,190,61141,0.06823185444810398,0.953248031496063,0.12734833418254138,1879654.145,167408185.737,169287839.882,-111347421.322
0.10105012531328321,3863,52005,201,62039,0.06914512780124579,0.9505413385826772,0.12891276780351063,1952225.67,165134834.873,167087060.54299998,-109146641.98299998
0.10355137844611528,3856,51096,208,62948,0.07017033047022857,0.9488188976377953,0.13067642673173377,2011239.845,162892053.70099998,164903293.54599997,-106962874.98599997
0.10605263157894737,3852,50285,212,63759,0.0711528160038421,0.9478346456692913,0.13236885964158693,2056250.595,161045968.207,163102218.802,-105161800.24199998
0.10855388471177944,3848,49478,216,64566,0.07215992198927353,0.9468503937007874,0.13410001742463842,2094121.345,158972693.542,161066814.887,-103126396.32699999
0.11105513784461153,3840,48641,224,65403,0.07316933747451458,0.9448818897637795,0.13582102750022107,2275394.34,156522781.669,158798176.009,-100857757.449
0.1135563909774436,3831,47868,233,66176,0.0741020135785992,0.9426673228346457,0.1374029374316303,2370060.84,154615114.425,156985175.26500002,-99044756.70500001
0.11605764411027569,3826,47100,238,66944,0.07512861799473747,0.9414370078740157,0.1391525731951264,2451162.34,152434224.92599997,154885387.26599997,-96944968.70599997
0.11855889724310777,3823,46350,241,67694,0.07619636059235046,0.9406988188976378,0.14097387392370522,2726070.375,150251539.93000004,152977610.30500004,-95037191.74500003
0.12106015037593984,3815,45615,249,68429,0.07717985029334412,0.93873031496063,0.14263281863386548,2784192.4800000004,148390206.953,151174399.433,-93233980.873
0.12356140350877193,3810,44978,254,69066,0.07809297368205297,0.9375,0.14417619011579502,2823115.79,146731028.335,149554144.125,-91613725.565
0.12606265664160402,3804,44304,260,69740,0.0790720878024445,0.9360236220472441,0.1458253469293874,2875279.98,144861352.222,147736632.202,-89796213.64199999
0.12856390977443607,3799,43622,265,70422,0.08011218658400286,0.9347933070866141,0.14757696416431967,2897098.485,142902513.23,145799611.715,-87859193.155
0.13106516290726816,3791,42926,273,71118,0.0811481901663206,0.9328248031496063,0.14930781197692047,2977168.95,140850102.916,143827271.866,-85886853.306
0.13356641604010025,3782,42290,282,71754,0.0820889043236673,0.9306102362204725,0.1508696345939046,3054161.2300000004,139222509.984,142276671.214,-84336252.65399998
0.13606766917293234,3775,41704,289,72340,0.08300534312539853,0.9288877952755905,0.15239287083947278,3111576.98,137447043.971,140558620.95099998,-82618202.39099997
0.1385689223057644,3771,41083,293,72961,0.08407276942970526,0.9279035433070866,0.1541763767938182,3166048.23,135683844.639,138849892.869,-80909474.30899999
0.14107017543859648,3763,40457,301,73587,0.08509724106739032,0.9259350393700787,0.15586943915168586,3320580.4800000004,133971531.753,137292112.233,-79351693.67300001
0.14357142857142857,3754,39901,310,74143,0.0859924407284389,0.9237204724409449,0.15733774806680775,3389131.325,132201031.727,135590163.052,-77649744.49199998
0.14607268170426066,3742,39316,322,74728,0.08690603372195643,0.9207677165354331,0.1588217817579899,3486613.125,130366963.62900001,133853576.75400001,-75913158.194
0.14857393483709272,3737,38710,327,75334,0.08803920182816218,0.9195374015748031,0.1606931693577863,3524756.73,128558851.53700002,132083608.26700002,-74143189.70700002
0.1510751879699248,3735,38162,329,75882,0.08914719430985513,0.9190452755905512,0.16252910075933943,3544246.73,127059314.49800001,130603561.22800002,-72663142.66800001
0.1535764411027569,3732,37633,332,76411,0.09022120149885168,0.9183070866141733,0.16430033678927558,3571739.23,125449640.733,129021379.963,-71080961.403
0.15607769423558898,3727,37123,337,76921,0.09123623011015912,0.9170767716535433,0.16596161553190542,3602840.415,124116113.405,127718953.82000001,-69778535.26
0.15857894736842104,3717,36588,347,77456,0.09222180870859695,0.9146161417322834,0.16754941513218688,3662740.305,122401743.31799999,126064483.623,-68124065.063
0.16108020050125313,3714,36093,350,77951,0.09330017333634788,0.9138779527559056,0.16931458138633723,3685681.0549999997,120824800.21399999,124510481.269,-66570062.70899999
0.16358145363408522,3708,35622,356,78422,0.094279176201373,0.9124015748031497,0.1708992026547449,3746581.2049999996,119493160.79800001,123239742.003,-65299323.443
0.16608270676691728,3702,35159,362,78885,0.0952626026092998,0.9109251968503937,0.17248689574839837,3794080.9349999996,118073760.399,121867841.334,-63927422.774000004
0.16858395989974936,3699,34695,365,79349,0.09634317862165963,0.9101870078740157,0.17424278110132366,3828662.435,116618014.90900002,120446677.34400003,-62506258.784000024
0.17108521303258145,3692,34229,372,79815,0.09736030167980803,0.9084645669291339,0.1758723353578659,4034789.9349999996,115238394.483,119273184.418,-61332765.857999995
0.17358646616541354,3686,33783,378,80261,0.09837465638260963,0.906988188976378,0.1774974116967231,4079357.59,113971710.83,118051068.42,-60110649.86
0.1760877192982456,3680,33349,384,80695,0.09938156579977855,0.905511811023622,0.1791059304504417,4116308.3949999996,112579138.69800001,116695447.09300001,-58755028.53300001
0.17858897243107769,3674,32931,390,81113,0.1003688020762191,0.9040354330708661,0.1806781578106174,4154317.28,111260941.234,115415258.514,-57474839.953999996
0.18109022556390977,3668,32501,396,81543,0.10141281207664021,0.9025590551181102,0.18233788183829194,4211508.03,109945578.463,114157086.493,-56216667.933
0.18359147869674186,3660,32083,404,81961,0.10239767227149373,0.9005905511811023,0.18388725601024947,4303337.82,108537414.10900001,112840751.92900002,-54900333.36900002
0.18609273182957392,3653,31658,411,82386,0.10345218203959106,0.8988681102362205,0.18554920634920632,4549453.569999999,107117732.22600001,111667185.796,-53726767.236
0.188593984962406,3643,31254,421,82790,0.10439292775883313,0.8964074803149606,0.18700752034085366,4656401.725,105739031.854,110395433.579,-52455015.018999994
0.1910952380952381,3635,30868,429,83176,0.10535315769643219,0.8944389763779528,0.18850312443280523,4742976.56,104406444.875,109149421.435,-51209002.875
0.19359649122807018,3632,30482,432,83562,0.1064665533212171,0.8937007874015748,0.1902666457121903,4758801.195,103290941.81,108049743.005,-50109324.44499999
0.19609774436090224,3628,30112,436,83932,0.1075281564908121,0.8927165354330708,0.19193736112580678,4793006.405,102241305.98400001,107034312.38900001,-49093893.82900001
0.19859899749373433,3623,29750,441,84294,0.10856081263296677,0.891486220472441,0.19355183374736226,4853415.76,100965647.66500002,105819063.42500003,-47878644.865000024
0.20110025062656642,3620,29392,444,84652,0.10965709438991882,0.890748031496063,0.19527457115114896,4876700.76,99776700.262,104653401.022,-46712982.462
0.20360150375939848,3615,29041,449,85003,0.11069941205291524,0.8895177165354331,0.1968954248366013,5005797.765000001,98426425.421,103432223.186,-45491804.626
0.20610275689223057,3609,28638,455,85406,0.11191738766396875,0.8880413385826772,0.19878273801327423,5072585.61,97003823.32300001,102076408.93300001,-44135990.37300001
0.20860401002506265,3605,28291,459,85753,0.1130235766240281,0.8870570866141733,0.20050055617352613,5099661.36,95808972.14,100908633.5,-42968214.94
0.21110526315789474,3600,27959,464,86085,0.11407205551506702,0.8858267716535433,0.20211661005530135,5133422.109999999,94631818.33,99765240.44,-41824821.879999995
0.2136065162907268,3592,27619,472,86425,0.11508762936144308,0.8838582677165354,0.203656980864635,5187104.58,93592683.963,98779788.543,-40839369.982999995
0.2161077694235589,3582,27291,482,86753,0.11602371003789719,0.8813976377952756,0.2050548129490225,5316591.08,92452191.26700002,97768782.34700002,-39828363.787000015
0.21860902255639098,3577,26974,487,87070,0.11708291054302641,0.8801673228346457,0.20667340748230537,5508091.175,91550790.818,97058881.993,-39118463.433
0.22111027568922306,3568,26679,496,87365,0.11796211194498628,0.8779527559055118,0.20797994812159368,5575302.675,90634678.444,96209981.119,-38269562.559
0.22361152882205512,3566,26384,498,87660,0.11906510851419032,0.8774606299212598,0.20967836773093435,5590287.675,89698773.22500001,95289060.9,-37348642.34
0.2261127819548872,3562,26085,502,87959,0.12014706378385671,0.8764763779527559,0.21132568004508914,5640912.675,88867282.22500001,94508194.9,-36567776.34
0.2286140350877193,3555,25793,509,88251,0.1211326155104266,0.874753937007874,0.21279779719861125,5801390.925000001,87902841.547,93704232.472,-35763813.912
0.23111528822055138,3548,25501,516,88543,0.12213845571276119,0.8730314960629921,0.2142964998641017,6019540.824999999,86922369.97100002,92941910.79600002,-35001492.23600002
0.23361654135338344,3544,25195,520,88849,0.12331674727721911,0.8720472440944882,0.2160777977623998,6071595.61,85941401.46100001,92012997.07100001,-34072578.51100001
0.23611779448621553,3543,24924,521,89120,0.12445990093792812,0.8718011811023622,0.21782299960038115,6090941.359999999,85066956.609,91157897.969,-33217479.408999994
0.23861904761904762,3536,24649,528,89395,0.1254568032641476,0.8700787401574803,0.21929362150764364,6335267.86,84081563.686,90416831.546,-32476412.986
0.24112030075187968,3528,24382,536,89662,0.12640630598351846,0.8681102362204725,0.22067930193282043,6595455.11,83157216.152,89752671.262,-31812252.701999992
0.24362155388471177,3527,24112,537,89932,0.12760953724809146,0.8678641732283464,0.222502602277387,6623470.86,82401973.303,89025444.163,-31085025.603
0.24612280701754385,3522,23836,542,90208,0.12873748081000072,0.8666338582677166,0.22417414550315065,6672276.609999999,81477081.926,88149358.536,-30208939.975999996
0.24862406015037594,3518,23576,546,90468,0.1298442459585148,0.8656496062992126,0.22581680467295717,6701417.945,80510559.73300001,87211977.678,-29271559.118
0.25112531328320803,3515,23336,549,90708,0.13090760120665898,0.8649114173228346,0.22739770338023613,6722492.945,79717554.986,86440047.931,-28499629.370999992
0.2536265664160401,3511,23098,553,90946,0.13194783719794054,0.8639271653543307,0.228930981645095,6772268.2,78936623.912,85708892.112,-27768473.552
0.25612781954887215,3502,22847,562,91197,0.13290826976355838,0.8617125984251969,0.23029625489100053,6914704.699999999,78129630.021,85044334.721,-27103916.161
0.25862907268170426,3499,22591,565,91453,0.13411268685320046,0.8609744094488189,0.23207534655435433,6934079.7,77248989.14400001,84183068.84400001,-26242650.28400001
0.2611303258145363,3494,22365,570,91679,0.13511736726091497,0.859744094488189,0.23353273401731112,6965440.305,76617763.306,83583203.611,-25642785.051
0.26363157894736844,3490,22124,574,91920,0.13625361130631686,0.8587598425196851,0.23519105060987938,6989016.265000001,75851471.466,82840487.731,-24900069.171000004
0.2661328320802005,3481,21876,583,92168,0.1372796466458966,0.8565452755905512,0.236633697019136,7118705.145,75113917.332,82232622.477,-24292203.916999996
0.26863408521303256,3475,21633,589,92411,0.13840210291540544,0.8550688976377953,0.2382421500068559,7195530.895,74339365.854,81534896.749,-23594478.188999996
0.2711353383458647,3470,21370,594,92674,0.13969404186795492,0.8538385826771654,0.24010517575422086,7352300.16,73267325.722,80619625.882,-22679207.321999997
0.27363659147869673,3465,21139,599,92905,0.14083075922614208,0.8526082677165354,0.24173294265383002,7475369.22,72403986.66700001,79879355.88700001,-21938937.327000007
0.2761378446115288,3457,20934,607,93110,0.14173260628920503,0.8506397637795275,0.24298014408715515,7538004.3149999995,71805392.977,79343397.292,-21402978.731999993
0.2786390977443609,3456,20686,608,93358,0.14315301134951536,0.8503937007874016,0.24505424377791957,7550635.0649999995,70935176.3,78485811.365,-20545392.804999992
0.28114035087719297,3450,20476,614,93568,0.14419460001671822,0.8489173228346457,0.2465166130760986,7587218.585,70240476.754,77827695.33899999,-19887276.778999984
0.28364160401002503,3442,20274,622,93770,0.14513408669252825,0.8469488188976378,0.2478041756659467,7699170.085000001,69616134.398,77315304.48300001,-19374885.923000008
0.28614285714285714,3434,20034,630,94010,0.1463269132435657,0.84498031496063,0.24945517942757517,7836623.880000001,68856121.449,76692745.329,-18752326.768999994
0.2886441102756892,3430,19829,634,94215,0.1474697966378606,0.843996062992126,0.2510705266625187,7865212.205,68246602.012,76111814.217,-18171395.65699999
0.2911453634085213,3425,19618,639,94426,0.14863516035238467,0.8427657480314961,0.25270225403032426,7929574.654999999,67524952.357,75454527.012,-17514108.451999992
0.2936466165413534,3418,19421,646,94623,0.14965628967993344,0.8410433070866141,0.2540980559788871,8090576.25,66931082.342,75021658.59200001,-17081240.032000005
0.29614786967418544,3412,19231,652,94813,0.15068674645585833,0.8395669291338582,0.2555135357771371,8210926.505,66369411.274000004,74580337.779,-16639919.218999997
0.29864912280701755,3406,19024,658,95020,0.15185020062416407,0.8380905511811023,0.25711481844946027,8378178.23,65732853.82900001,74111032.05900002,-16170613.499000013
0.3011503759398496,3402,18813,662,95231,0.15313977042538826,0.8371062992125984,0.25891396171848247,8424123.98,65098455.739000015,73522579.71900001,-15582161.15900001
0.3036516290726817,3396,18631,668,95413,0.15417442229990466,0.8356299212598425,0.2603196504541796,8478756.23,64377624.708000004,72856380.93800001,-14915962.378000006
0.3061528822055138,3386,18449,678,95595,0.15507213189832836,0.8331692913385826,0.2614772771149465,8599994.415,63827984.86700001,72427979.282,-14487560.722000003
0.30865413533834585,3380,18227,684,95817,0.1564307863192484,0.8316929133858267,0.26333216469946635,8662208.325,63177791.17899999,71839999.504,-13899580.94399999
0.31115538847117796,3371,18033,693,96011,0.157493926368903,0.8294783464566929,0.2647243599811528,8726893.37,62429294.78400001,71156188.15400001,-13215769.594000012
0.31365664160401,3364,17849,700,96195,0.15858200160279073,0.827755905511811,0.26617082723424457,8897309.055,61730569.447000004,70627878.502,-12687459.942000002
0.3161578947368421,3352,17670,712,96374,0.15945200266387594,0.8248031496062992,0.2672406920194531,9214851.095,60990539.28900001,70205390.38400002,-12264971.824000016
0.3186591478696742,3342,17481,722,96563,0.16049560582048697,0.8223425196850394,0.2685739542733154,9649458.184999999,60279275.727,69928733.912,-11988315.351999998
0.32116040100250626,3334,17288,730,96756,0.16167200077587043,0.8203740157480315,0.2701126144373329,9777945.585,59763507.488000005,69541453.07300001,-11601034.513000011
0.3236616541353383,3329,17070,735,96974,0.16319427422912888,0.8191437007874016,0.27216612843886684,9844190.530000001,59135101.06999999,68979291.6,-11038873.039999992
0.32616290726817043,3322,16886,742,97158,0.16439034045922407,0.8174212598425197,0.27373104812129206,9912691.725,58511116.828,68423808.553,-10483389.993
0.3286641604010025,3319,16708,745,97336,0.16572626953612624,0.8166830708661418,0.2755385828732722,9986806.725000001,57963518.382999994,67950325.108,-10009906.547999993
0.33116541353383455,3312,16536,752,97508,0.16686819830713423,0.8149606299212598,0.2770157243225159,10090296.725000001,57393263.82000002,67483560.54500002,-9543141.985000014
0.33366666666666667,3302,16351,762,97693,0.16801506131379434,0.8125,0.2784500569211958,10284690.67,56835169.92000001,67119860.59,-9179442.030000001
0.3361679197994987,3296,16171,768,97873,0.1693121693121693,0.8110236220472441,0.28014109047639285,10442913.355,56125501.328,66568414.683,-8627996.122999996
0.33866917293233084,3291,16010,773,98034,0.17050930003626755,0.8097933070866141,0.2817034025251445,10474593.05,55547988.85,66022581.900000006,-8082163.340000004
0.3411704260651629,3289,15878,775,98166,0.1715970157040747,0.8093011811023622,0.2831561275881365,10491783.8,55134491.647,65626275.447,-7685856.8869999945
0.34367167919799496,3280,15706,784,98338,0.17275887496049722,0.8070866141732284,0.28459869848156183,10610417.41,54594655.473000005,65205072.883,-7264654.322999999
0.3461729323308271,3276,15529,788,98515,0.17420898697155013,0.8061023622047244,0.2865013774104683,10655399.005,54049593.267,64704992.272,-6764573.7119999975
0.34867418546365914,3271,15390,793,98654,0.1752853544826108,0.8048720472440944,0.2878767876787679,10706625.810000002,53435538.518,64142164.328,-6201745.767999999
0.3511754385964912,3267,15231,797,98813,0.1766136879662666,0.8038877952755905,0.28960198563957096,10731788.889999999,52881846.764,63613635.654,-5673217.093999997
0.3536766917293233,3259,15083,805,98961,0.17767964235088868,0.8019192913385826,0.2909042220833705,10922111.665,52356561.650000006,63278673.315000005,-5338254.755000003
0.35617794486215537,3254,14935,810,99109,0.1788993347627687,0.8006889763779528,0.29245494989439624,10990813.280000001,51849128.066,62839941.346,-4899522.785999998
0.3586791979949875,3248,14794,816,99250,0.18002438754018402,0.7992125984251969,0.29385687143761874,11075289.030000001,51409023.113000005,62484312.14300001,-4543893.583000004
0.36118045112781955,3241,14650,823,99394,0.1811525347940305,0.7974901574803149,0.2952402641767251,11313881.004999999,50941431.34300001,62255312.348000005,-4314893.7880000025
0.3636817042606516,3235,14510,829,99534,0.18230487461256692,0.796013779527559,0.2966665138245678,11437716.77,50553226.056,61990942.826000005,-4050524.2660000026
0.3661829573934837,3231,14367,833,99677,0.18360040913740197,0.7950295275590551,0.2983104053180685,11484456.165,50030841.017,61515297.182,-3574878.621999994
0.3686842105263158,3227,14213,837,99831,0.18503440366972476,0.7940452755905512,0.3001302083333333,11528259.66,49532334.521,61060594.180999994,-3120175.620999992
0.37118546365914784,3219,14086,845,99958,0.1860156024270442,0.7920767716535433,0.3012775515934297,11593452.489999998,49122986.33200001,60716438.82200001,-2776020.2620000094
0.37368671679197996,3215,13942,849,100102,0.18738707233199278,0.7910925196850394,0.3030017435559116,11631899.029999997,48709756.227,60341655.257,-2401236.696999997
0.376187969924812,3209,13801,855,100243,0.18865373309817754,0.7896161417322834,0.3045458859257853,11704765.224999998,48228077.995000005,59932843.22,-1992424.6599999964
0.3786892230576441,3207,13654,857,100390,0.1902022418599134,0.7891240157480315,0.30652329749103946,11720175.225,47802150.852,59522326.077,-1581907.5169999972
0.3811904761904762,3202,13545,862,100499,0.1911984235982564,0.7878937007874016,0.30772187785305843,11847860.975,47391797.85300001,59239658.82800001,-1299240.2680000067
0.38369172932330825,3199,13412,865,100632,0.19258322798145808,0.7871555118110236,0.3094558645707376,11916399.379999999,46943548.153000005,58859947.53300001,-919528.9730000049
0.38619298245614037,3194,13282,870,100762,0.1938577324593348,0.7859251968503937,0.31100292112950345,11949159.51,46567699.287,58516858.797,-576440.236999996
0.3886942355889724,3187,13138,877,100906,0.19522205206738133,0.7842027559055118,0.31261954975722206,12005059.370000001,46078775.526,58083834.896,-143416.33599999547
0.3911954887218045,3181,12996,883,101048,0.19663720096433207,0.7827263779527559,0.3143125339657131,12049802.04,45663714.743,57713516.783,226901.77700000256
0.3936967418546366,3173,12845,891,101199,0.1980896491447122,0.780757874015748,0.316004382033662,12161416.940000001,45117987.08500001,57279404.025000006,661014.5349999964
0.39619799498746866,3168,12727,896,101317,0.19930795847750865,0.7795275590551181,0.3174507740868781,12238061.635000002,44710284.695999995,56948346.331,992072.2290000021
0.3986992481203007,3162,12608,902,101436,0.20050729232720355,0.7780511811023622,0.318846425330241,12286609.84,44357079.47,56643689.31,1296729.25
0.40120050125313284,3157,12474,907,101570,0.2019704433497537,0.7768208661417323,0.3205889819751206,12350163.09,43906741.005,56256904.095,1683514.4650000036
0.4037017543859649,3153,12363,911,101681,0.20320959010054138,0.7758366141732284,0.32206332992849845,12377014.865,43588069.651,55965084.516,1975334.0439999998
0.40620300751879695,3144,12239,920,101805,0.2043814600533056,0.7736220472440944,0.32334036098112817,12484924.704999998,43179803.964,55664728.669,2275689.8910000026
0.40870426065162907,3140,12126,924,101918,0.20568583780951133,0.7726377952755905,0.3248836006207967,12535847.375,42829162.29,55365009.665,2575408.8950000033
0.41120551378446113,3133,12007,931,102037,0.20693527080581242,0.7709153543307087,0.3262861903770048,12675524.085,42548433.14700001,55223957.23200001,2716461.327999994
0.41370676691729324,3127,11898,937,102146,0.20811980033277871,0.7694389763779528,0.3276232385143277,12903097.844999999,42233561.77000001,55136659.61500001,2803758.944999993
0.4162080200501253,3116,11783,948,102261,0.20914155312437077,0.7667322834645669,0.32863998312503295,13072611.274999999,41948901.464,55021512.739,2918905.8210000023
0.41870927318295736,3113,11658,951,102386,0.21075079547762507,0.765994094488189,0.33055481815768517,13108387.024999999,41475763.462000005,54584150.487,3356268.072999999
0.4212105263157895,3106,11564,958,102480,0.21172460804362644,0.7642716535433071,0.3315896231450838,13174864.37,41155876.285,54330740.654999994,3609677.9050000086
0.42371177944862154,3102,11469,962,102575,0.21288861437101092,0.7632874015748031,0.33292192111617924,13206364.370000001,40883312.458,54089676.827999994,3850741.732000008
0.4262130325814536,3096,11339,968,102705,0.21447869760997576,0.7618110236220472,0.3347207957186875,13238920.675,40436397.336,53675318.01100001,4265100.548999995
0.4287142857142857,3090,11212,974,102832,0.21605369878338693,0.7603346456692913,0.33649134269846454,13310769.165,39963506.462000005,53274275.627000004,4666142.932999998
0.4312155388471178,3080,11110,984,102934,0.21705426356589147,0.7578740157480315,0.33746028267776923,13447507.1,39726530.848,53174037.948,4766380.612000003
0.4337167919799499,3070,10992,994,103052,0.2183188735599488,0.7554133858267716,0.3387399315899813,13528669.315,39266584.586,52795253.901,5145164.659000002
0.43621804511278195,3064,10860,1000,103184,0.22005170927894283,0.7539370078740157,0.34067155881698913,13601851.2,38930628.701,52532479.90099999,5407938.659000009
0.438719298245614,3055,10753,1009,103291,0.22124855156431056,0.7517224409448819,0.3418755595344673,13733341.06,38571526.419,52304867.479,5635551.081
0.4412205513784461,3051,10627,1013,103417,0.22305892674367597,0.750738188976378,0.34392965843760565,13820133.73,38145749.983,51965883.713,5974534.847000003
0.4437218045112782,3039,10533,1025,103511,0.22391688770999116,0.7477854330708661,0.34463597187570877,13982649.2,37856459.117000006,51839108.317,6101310.243000001
0.44622305764411024,3027,10411,1037,103633,0.22525673463312992,0.7448326771653543,0.3459033253342475,14225022.340000002,37419972.887,51644995.227000006,6295423.332999997
0.44872431077694236,3021,10304,1043,103740,0.22671669793621013,0.7433562992125984,0.34746103858761285,14320888.09,37040422.665,51361310.754999995,6579107.805000007
0.4512255639097744,3019,10207,1045,103837,0.2282625132315137,0.7428641732283464,0.3492192018507808,14336345.605,36680949.023,51017294.628000006,6923123.931999996
0.4537268170426065,3014,10096,1050,103948,0.22990083905415712,0.7416338582677166,0.3509956911610574,14405574.73,36369504.386,50775079.116,7165339.444000006
0.4562280701754386,3008,9993,1056,104051,0.23136681793708178,0.7401574803149606,0.3525344271901553,14443433.59,36074834.367,50518267.957,7422150.603
0.45872932330827065,2994,9878,1070,104166,0.23259788688626476,0.7367125984251969,0.3535663675011809,14914435.915,35742082.642,50656518.557,7283900.003000006
0.46123057644110277,2990,9791,1074,104253,0.23394100618105,0.7357283464566929,0.3550014841199169,14944418.155,35432428.984,50376847.139,7563571.421000004
0.46373182957393483,2984,9695,1080,104349,0.2353497909929805,0.734251968503937,0.356447470584722,15026858.155,35151560.495000005,50178418.650000006,7761999.909999996
0.4662330827067669,2977,9604,1087,104440,0.2366266592480725,0.7325295275590551,0.35770501652147796,15151105.155,34886829.38600001,50037934.54100001,7902484.018999994
0.468734335839599,2968,9501,1096,104543,0.2380303151816505,0.7303149606299213,0.3590394967640476,15261768.315,34640112.20200001,49901880.517000005,8038538.042999998
0.47123558897243106,2966,9401,1098,104643,0.23983181046332983,0.7298228346456693,0.361024891972491,15286443.315,34303717.07000001,49590160.385000005,8350258.174999997
0.4737368421052631,2962,9307,1102,104737,0.24142146874235879,0.7288385826771654,0.36270127961795134,15350576.09,34011208.206,49361784.296000004,8578634.263999999
0.47623809523809524,2953,9211,1111,104833,0.24276553765208814,0.7266240157480315,0.3639388710870101,15425218.884999998,33732223.589,49157442.474,8782976.086000003
0.4787393483709273,2944,9131,1120,104913,0.2438095238095238,0.7244094488188977,0.36483053472953714,15502064.965,33494344.079000004,48996409.044,8944009.516000003
0.48124060150375936,2934,9024,1130,105020,0.24535875564475665,0.7219488188976378,0.3662464111846212,15607619.629999999,33134820.639,48742440.268999994,9197978.291000009
0.4837418546365915,2930,8929,1134,105115,0.24706973606543553,0.7209645669291339,0.3680211015512152,15671245.379999999,32771960.003,48443205.383,9497213.177000001
0.48624310776942353,2919,8835,1145,105209,0.24834099030117407,0.718257874015748,0.36907320773802,15781433.740000002,32500471.707000002,48281905.447000004,9658513.112999998
0.48874436090225565,2911,8735,1153,105309,0.24995706680405289,0.7162893700787402,0.3705919796308084,15988263.6,32218834.0,48207097.6,9733320.96
0.4912456140350877,2901,8636,1163,105408,0.25145185056773856,0.7138287401574803,0.37189923722838275,16112008.434999999,31840185.360000003,47952193.795,9988224.765
0.49374686716791977,2891,8563,1173,105481,0.25240090797974507,0.7113681102362205,0.37259956179920095,16200554.43,31610623.877000004,47811178.307000004,10129240.252999999
0.4962481203007519,2886,8484,1178,105560,0.2538258575197889,0.7101377952755905,0.373979525722431,16248896.42,31328606.018000007,47577502.43800001,10362916.121999994
0.49874937343358394,2873,8406,1191,105638,0.25472116322369004,0.7069389763779528,0.37450303069803814,16381906.695,31131970.719,47513877.414000005,10426541.145999998
0.5012506265664161,2866,8309,1198,105735,0.2564653243847875,0.7052165354330708,0.3761401666776035,16542371.004999999,30701663.669999994,47244034.675,10696383.885000005
0.5037518796992481,2860,8222,1204,105822,0.2580761595379895,0.7037401574803149,0.3776574673181038,16578740.155,30431543.834999997,47010283.989999995,10930134.570000008
0.5062531328320802,2853,8138,1211,105906,0.25957601674096986,0.7020177165354331,0.3790102955828628,16737615.049999999,30159403.475,46897018.525,11043400.035000004
0.5087543859649123,2847,8037,1217,106007,0.2615766262403528,0.7005413385826772,0.38092052448488095,16825729.055,29790883.689,46616612.744,11323805.816
0.5112556390977443,2846,7942,1218,106102,0.26381164256581385,0.7002952755905512,0.3832480474010234,16830969.055,29442366.191,46273335.246,11667083.314000003
0.5137568922305764,2839,7837,1225,106207,0.2659235668789809,0.6985728346456693,0.3852103120759838,16880693.665,29021165.936000004,45901859.601,12038558.958999999
0.5162581453634085,2829,7762,1235,106282,0.26711358700783683,0.6961122047244095,0.38607983623336745,17074849.95,28713622.715,45788472.665,12151945.895000003
0.5187593984962406,2820,7676,1244,106368,0.2686737804878049,0.6938976377952756,0.3873626373626374,17201417.715,28428493.691,45629911.406,12310507.154
0.5212606516290726,2809,7605,1255,106439,0.2697330516612253,0.6911909448818898,0.3880370216880785,17515546.235,28127035.792000003,45642582.027,12297836.533
0.5237619047619048,2800,7516,1264,106528,0.27142303218301667,0.6889763779527559,0.3894297635605007,17594939.85,27882404.906000003,45477344.756000005,12463073.803999998
0.5262631578947369,2791,7432,1273,106612,0.27301183605595225,0.686761811023622,0.39070483656470917,17721045.64,27625881.239,45346926.879,12593491.681000002
0.5287644110275689,2779,7367,1285,106677,0.2739010447466982,0.6838090551181102,0.39113300492610836,17873622.91,27287726.514000002,45161349.424,12779069.136
0.531265664160401,2772,7280,1292,106764,0.2757660167130919,0.6820866141732284,0.39274582034570704,17923874.689999998,27028263.588,44952138.278,12988280.282000005
0.5337669172932331,2765,7199,1299,106845,0.27749899638699316,0.6803641732283464,0.39421157684630737,18110268.675,26653229.922,44763498.597,13176919.963
0.5362681704260651,2755,7115,1309,106929,0.27912867274569403,0.6779035433070866,0.39543562508970864,18216113.955000002,26290129.43,44506243.385000005,13434175.174999997
0.5387694235588972,2751,7029,1313,107015,0.2812883435582822,0.6769192913385826,0.3974284888760473,18315944.35,26035068.782,44351013.132,13589405.428000003
0.5412706766917293,2742,6939,1322,107105,0.2832352029748993,0.6747047244094488,0.39898144779919975,18455525.445,25736485.191000003,44192010.63600001,13748407.923999995
0.5437719298245614,2731,6874,1333,107170,0.28433107756376885,0.671998031496063,0.39959031384885507,18564872.134999998,25491969.611,44056841.746,13883576.814000003
0.5462731829573935,2725,6787,1339,107257,0.28648023549201007,0.6705216535433071,0.4014437242192103,18637239.125,25183378.164,43820617.289000005,14119801.270999998
0.5487744360902256,2716,6707,1348,107337,0.2882309243340762,0.6683070866141733,0.40275821161118114,18807479.125,24889958.464,43697437.589,14242980.971
0.5512756892230576,2711,6632,1353,107412,0.2901637589639302,0.6670767716535433,0.4044156037890654,18871151.8,24644565.492000002,43515717.292,14424701.268
0.5537769423558897,2696,6555,1368,107489,0.2914279537347314,0.6633858267716536,0.40495681562147956,19246998.84,24328899.449,43575898.289000005,14364520.270999998
0.5562781954887218,2689,6479,1375,107565,0.29330279232111695,0.6616633858267716,0.40643893591293834,19471858.47,24084466.645,43556325.114999995,14384093.445000008
0.5587794486215538,2679,6393,1385,107651,0.2953042328042328,0.6592027559055118,0.40788672350791716,19634858.43,23844084.952999998,43478943.383,14461475.177000001
0.5612807017543859,2669,6320,1395,107724,0.2969184558905329,0.656742125984252,0.4089481345284609,19813732.905,23605545.667999998,43419278.573,14521139.987000003
0.563781954887218,2660,6250,1404,107794,0.29854096520763185,0.6545275590551181,0.41005087097271464,20017632.055,23354131.987000003,43371764.042,14568654.518
0.56628320802005,2654,6173,1410,107871,0.30066840376118725,0.6530511811023622,0.41176014273524164,20082807.45,23049860.704000004,43132668.154,14807750.406000003
0.5687844611528822,2651,6119,1413,107925,0.3022805017103763,0.6523129921259843,0.4131213962911018,20214637.45,22829857.965,43044495.415,14895923.145000003
0.5712857142857143,2635,6048,1429,107996,0.3034665438212599,0.6483759842519685,0.41343061112418605,20415862.45,22537047.286,42952909.736,14987508.824000001
0.5737869674185464,2631,5978,1433,108066,0.30561040771285863,0.6473917322834646,0.41521344590862463,20534317.45,22337432.265,42871749.715,15068668.844999999
0.5762882205513784,2624,5894,1440,108150,0.30805353369335525,0.6456692913385826,0.417103799078048,20698408.2,22012858.210000005,42711266.410000004,15229152.149999999
0.5787894736842105,2616,5829,1448,108215,0.30976909413854353,0.6437007874015748,0.4182588536253897,20928644.595,21777891.19,42706535.785,15233882.775000006
0.5812907268170426,2606,5760,1458,108284,0.3114989242170691,0.6412401574803149,0.4193081255028158,21168886.095,21590061.819000002,42758947.914000005,15181470.645999998
0.5837919799498746,2597,5691,1467,108353,0.31334459459459457,0.6390255905511811,0.42049870466321243,21314779.119999997,21266659.080000002,42581438.2,15358980.36
0.5862932330827068,2584,5631,1480,108413,0.31454656116859403,0.6358267716535433,0.4208811792491245,21441692.599999998,20969372.162,42411064.761999995,15529353.798000008
0.5887944862155389,2577,5568,1487,108476,0.316390423572744,0.6341043307086615,0.42214759603571134,21559951.605,20756633.612,42316585.217,15623833.343000002
0.5912957393483709,2571,5501,1493,108543,0.31850842418235875,0.6326279527559056,0.42369808833223466,21666612.355,20509449.881,42176062.236,15764356.324000001
0.593796992481203,2564,5440,1500,108604,0.32033983008495753,0.6309055118110236,0.42492542260523697,21769758.105,20340431.150000002,42110189.255,15830229.305
0.5962982456140351,2558,5378,1506,108666,0.32232862903225806,0.6294291338582677,0.4263333333333333,21853892.325,20104356.488,41958248.813,15982169.747000001
0.5987994987468671,2550,5319,1514,108725,0.3240564239420511,0.6274606299212598,0.4273862398391017,22069722.325000003,19899396.613,41969118.93800001,15971299.621999994
0.6013007518796992,2543,5265,1521,108779,0.32569159836065575,0.625738188976378,0.42840296495956875,22150848.995,19737100.578000005,41887949.57300001,16052468.986999996
0.6038020050125313,2535,5205,1529,108839,0.32751937984496127,0.62376968503937,0.4295154185022027,22387807.360000003,19518303.102,41906110.462000005,16034308.097999997
0.6063032581453633,2531,5135,1533,108909,0.3301591442734151,0.6227854330708661,0.4315430520034101,22420607.945,19250931.198000003,41671539.14300001,16268879.416999996
0.6088045112781955,2524,5068,1540,108976,0.33245521601685984,0.6210629921259843,0.4330816746739876,22544929.66,19036776.019,41581705.679000005,16358712.880999997
0.6113057644110276,2518,5014,1546,109030,0.3343069569835369,0.6195866141732284,0.43428768540876167,22577552.775,18828372.006,41405924.781,16534493.779
0.6138070175438596,2509,4939,1555,109105,0.33686895810955964,0.6173720472440944,0.4358929812369701,22672276.564999998,18600065.547000002,41272342.112,16668076.447999999
0.6163082706766917,2498,4871,1566,109173,0.3389876509702809,0.6146653543307087,0.4369806699903787,22781466.77,18340276.698,41121743.467999995,16818675.092000008
0.6188095238095238,2486,4812,1578,109232,0.3406412715812551,0.6117125984251969,0.43759901425805314,22918716.585,18096619.264,41015335.849,16925082.711000003
0.6213107769423559,2478,4742,1586,109302,0.343213296398892,0.609744094488189,0.43920595533498763,23044828.575000003,17840915.089,40885743.664000005,17054674.895999998
0.6238120300751879,2469,4692,1595,109352,0.3447842480100545,0.6075295275590551,0.43991091314031183,23285104.325,17669828.577000003,40954932.902,16985485.658
0.62631328320802,2459,4622,1605,109422,0.3472673351221579,0.6050688976377953,0.44127411395244504,23450244.075,17460898.847999997,40911142.92299999,17029275.63700001
0.6288145363408522,2454,4568,1610,109476,0.3494730845912845,0.6038385826771654,0.4427205484394732,23568924.075,17291049.934,40859974.009,17080444.551
0.6313157894736842,2445,4513,1619,109531,0.3513940787582639,0.6016240157480315,0.44365813826891676,23748141.265,17063998.748000003,40812140.013000004,17128278.547
0.6338170426065163,2436,4466,1628,109578,0.35294117647058826,0.5994094488188977,0.4442823271931425,23891189.595,16930911.445,40822101.04,17118317.520000003
0.6363182957393484,2423,4405,1641,109639,0.3548623315758641,0.5962106299212598,0.4449136981270657,24018288.97,16724262.823000003,40742551.793,17197866.767000005
0.6388195488721804,2416,4339,1648,109705,0.357660991857883,0.594488188976378,0.4466216840743137,24075382.4,16520851.347000001,40596233.747,17344184.813
0.6413208020050125,2411,4286,1653,109758,0.36001194564730477,0.593257874015748,0.4480996189945172,24145353.15,16308801.098,40454154.247999996,17486264.312000006
0.6438220551378446,2404,4219,1660,109825,0.3629775026423071,0.5915354330708661,0.4498923926265556,24205420.135,15972091.525,40177511.660000004,17762906.9
0.6463233082706766,2395,4159,1669,109885,0.36542569423252974,0.5893208661417323,0.45112073836880767,24285745.265,15751680.851,40037426.116,17902992.444000006
0.6488245614035087,2388,4107,1676,109937,0.36766743648960737,0.5875984251968503,0.4523155601856236,24369488.575000003,15530538.858,39900027.433,18040391.127000004
0.6513258145363409,2380,4043,1684,110001,0.3705433598007162,0.5856299212598425,0.4538952989415467,24433054.505,15327832.169,39760886.673999995,18179531.886000007
0.6538270676691729,2367,3993,1697,110051,0.3721698113207547,0.5824311023622047,0.45414428242517274,24704416.305,15168826.554,39873242.859,18067175.701000005
0.656328320802005,2357,3954,1707,110090,0.3734748851212169,0.5799704724409449,0.45436144578313253,25023376.305,15043194.638999999,40066570.944,17873847.616000004
0.6588295739348371,2343,3884,1721,110160,0.3762646539264493,0.5765255905511811,0.45534933436983777,25249034.29,14814606.518000001,40063640.808,17876777.752000004
0.6613308270676691,2335,3819,1729,110225,0.3794280142996425,0.5745570866141733,0.45703660207477004,25496834.66,14601941.56,40098776.22,17841642.340000004
0.6638320802005012,2327,3767,1737,110277,0.381851000984575,0.5725885826771654,0.45816105532585155,25554749.365000002,14448073.31,40002822.675000004,17937595.884999998
0.6663333333333333,2319,3712,1745,110332,0.38451334770353174,0.5706200787401575,0.45943536404160473,25722819.395000003,14254360.127000002,39977179.52200001,17963239.037999995
0.6688345864661654,2314,3657,1750,110387,0.38753977558197955,0.5693897637795275,0.46118584952665664,25812384.345,14056593.651,39868977.996,18071440.564000003
0.6713358395989975,2307,3608,1757,110436,0.39002535925612847,0.5676673228346457,0.4623709790560176,25894509.765,13857282.711000001,39751792.476,18188626.084
0.6738370927318296,2299,3554,1765,110490,0.39279002221083203,0.5656988188976378,0.4636482807300595,25990716.375,13604232.261,39594948.636,18345469.924000002
0.6763383458646617,2292,3507,1772,110537,0.3952405587170202,0.5639763779527559,0.4647673121768225,26160058.85,13357048.947999999,39517107.798,18423310.762000002
0.6788395989974937,2284,3455,1780,110589,0.3979787419411047,0.562007874015748,0.46597980210139756,26241279.619999997,13099848.068000002,39341127.688,18599290.872
0.6813408521303258,2278,3400,1786,110644,0.40119760479041916,0.5605314960629921,0.46766577704783413,26331842.985,12905318.528,39237161.513,18703257.047000006
0.6838421052631579,2264,3351,1800,110693,0.40320569902048087,0.5570866141732284,0.4678169232358715,26644644.755,12734204.553000001,39378849.308,18561569.252000004
0.6863433583959899,2254,3283,1810,110761,0.40707964601769914,0.5546259842519685,0.4695344234975524,26832890.225,12513410.066,39346300.291,18594118.269
0.688844611528822,2245,3223,1819,110821,0.4105705925384053,0.5524114173228346,0.4710449013848091,26903470.189999998,12277845.915000001,39181316.105,18759102.455000006
0.6913458646616542,2237,3166,1827,110878,0.41402924301314087,0.5504429133858267,0.4725889933453048,27045680.5,11990780.529000001,39036461.029,18903957.531000003
0.6938471177944862,2229,3119,1835,110925,0.41679132385938666,0.5484744094488189,0.4736506587335316,27190397.97,11807663.416000001,38998061.386,18942357.174000002
0.6963483709273183,2221,3059,1843,110985,0.4206439393939394,0.546505905511811,0.4753852739726027,27259305.64,11621629.445,38880935.085,19059483.475
0.6988496240601504,2207,3008,1857,111036,0.42320230105465007,0.5430610236220472,0.4756978122642526,27684779.075000003,11474116.535,39158895.61,18781522.950000003
0.7013508771929824,2194,2962,1870,111082,0.42552366175329714,0.5398622047244095,0.4759219088937094,28006160.994999997,11250105.234000001,39256266.229,18684152.331
0.7038521303258145,2186,2921,1878,111123,0.4280399451732916,0.5378937007874016,0.47672009595463966,28105004.134999998,11092469.679,39197473.813999996,18742944.746000007
0.7063533834586466,2177,2856,1887,111188,0.4325452016689847,0.5356791338582677,0.478619325052215,28223270.97,10789238.428000001,39012509.398,18927909.162
0.7088546365914786,2165,2818,1899,111226,0.43447722255669274,0.5327263779527559,0.4786116944843595,28482655.669999998,10652227.946,39134883.616,18805534.944000006
0.7113558897243107,2151,2769,1913,111275,0.4371951219512195,0.5292814960629921,0.4788512911843276,28628477.66,10480777.813000001,39109255.473000005,18831163.086999997
0.7138571428571429,2138,2721,1926,111323,0.44000823214653223,0.5260826771653543,0.47921102768127305,28844172.11,10326603.446,39170775.556,18769643.004
0.716358395989975,2131,2671,1933,111373,0.4437734277384423,0.5243602362204725,0.4807128355515452,29042191.119999997,10114036.985,39156228.105,18784190.455000006
0.718859649122807,2116,2622,1948,111422,0.44660194174757284,0.5206692913385826,0.4807998182231311,29423386.87,9930860.15,39354247.02,18586171.54
0.7213609022556391,2107,2577,1957,111467,0.4498292058070026,0.5184547244094488,0.4817101051668953,29547859.215,9747407.645000001,39295266.86,18645151.700000003
0.7238621553884712,2099,2528,1965,111516,0.45364166846768966,0.516486220472441,0.4830284202048096,29712046.275,9526430.375,39238476.65,18701941.910000004
0.7263634085213032,2090,2480,1974,111564,0.4573304157549234,0.5142716535433071,0.48413249942089415,29925865.945,9362018.387,39287884.332,18652534.228
0.7288646616541353,2077,2446,1987,111598,0.4592084899403051,0.5110728346456693,0.483754512635379,30385399.47,9226958.215000002,39612357.685,18328060.875
0.7313659147869674,2068,2403,1996,111641,0.46253634533661375,0.5088582677165354,0.48459285295840654,30500411.91,8982113.56,39482525.47,18457893.090000004
0.7338671679197994,2059,2367,2005,111677,0.465205603253502,0.5066437007874016,0.48504122497055363,30601500.33,8857899.132,39459399.462,18481019.098000005
0.7363684210526316,2051,2330,2013,111714,0.46815795480483907,0.5046751968503937,0.48573120189461216,30800337.555,8696908.561,39497246.116,18443172.444000006
0.7388696741854637,2039,2279,2025,111765,0.47220935618341825,0.5017224409448819,0.4865187306132189,30981649.839999996,8421725.073,39403374.912999995,18537043.647000007
0.7413709273182957,2027,2231,2037,111813,0.47604509159229685,0.4987696850393701,0.48714251381879353,31216317.645,8230178.228999999,39446495.874,18493922.686000004
0.7438721804511278,2016,2186,2048,111858,0.4797715373631604,0.49606299212598426,0.487781272683281,31331077.305,8013098.041,39344175.346,18596243.214
0.7463734335839599,2004,2140,2060,111904,0.48359073359073357,0.49311023622047245,0.48830409356725146,31609396.095,7793577.902,39402973.997,18537444.563
0.7488746867167919,1996,2105,2068,111939,0.4867105584003901,0.4911417322834646,0.48891610532761787,31773429.474999998,7719726.560999999,39493156.036,18447262.524000004
0.751375939849624,1987,2063,2077,111981,0.49061728395061727,0.48892716535433073,0.48977076657628793,31947950.925,7598820.16,39546771.085,18393647.475
0.7538771929824561,1975,2007,2089,112037,0.4959819186338523,0.4859744094488189,0.49092716877951775,32203655.04,7368979.418000001,39572634.458000004,18367784.101999998
0.7563784461152881,1963,1961,2101,112083,0.5002548419979612,0.48302165354330706,0.4914872308462694,32429862.03,7171656.230000001,39601518.260000005,18338900.299999997
0.7588796992481203,1951,1920,2113,112124,0.5040041332988892,0.48006889763779526,0.49174543163201007,32805575.775,6983524.783000001,39789100.558,18151318.002000004
0.7613809523809524,1936,1888,2128,112156,0.5062761506276151,0.4763779527559055,0.4908722109533469,33104578.139999997,6851848.122,39956426.261999995,17983992.298000008
0.7638822055137844,1923,1857,2141,112187,0.5087301587301587,0.4731791338582677,0.4903110657827639,33323638.675,6705315.578000001,40028954.253,17911464.307000004
0.7663834586466165,1914,1817,2150,112227,0.5129991959260252,0.47096456692913385,0.49108402822322,33526891.314999998,6517430.368000001,40044321.683,17896096.877000004
0.7688847117794486,1905,1785,2159,112259,0.516260162601626,0.46875,0.49135929842661846,33752075.825,6357000.2129999995,40109076.038,17831342.522
0.7713859649122807,1896,1747,2168,112297,0.5204501784243755,0.46653543307086615,0.49202024133904243,33827249.615,6244147.394,40071397.009,17869021.551
0.7738872180451127,1883,1718,2181,112326,0.5229103026936962,0.46333661417322836,0.491324200913242,34073624.644999996,6101117.2930000005,40174741.93799999,17765676.62200001
0.7763884711779448,1872,1690,2192,112354,0.5255474452554745,0.46062992125984253,0.4909520062942565,34372401.144999996,6012639.504000001,40385040.649,17555377.911000006
0.778889724310777,1863,1643,2201,112401,0.531374786081004,0.4584153543307087,0.49220607661822985,34618830.3,5799494.101,40418324.40099999,17522094.15900001
0.781390977443609,1852,1608,2212,112436,0.5352601156069364,0.45570866141732286,0.49229133439659756,34963228.595,5653317.348000001,40616545.943,17323872.617
0.7838922305764411,1841,1565,2223,112479,0.5405167351732237,0.453001968503937,0.49290495314591704,35172929.855000004,5492496.1620000005,40665426.017000005,17274992.542999998
0.7863934837092732,1831,1522,2233,112522,0.5460781389800179,0.45054133858267714,0.49373061884859104,35251675.86,5308757.769,40560433.629,17379984.931
0.7888947368421052,1818,1490,2246,112554,0.5495767835550182,0.44734251968503935,0.4932175800325556,35432637.95,5183044.623000001,40615682.57300001,17324735.986999996
0.7913959899749373,1807,1458,2257,112586,0.5534456355283308,0.44463582677165353,0.4931095647428026,35579278.9,5061810.824,40641089.724,17299328.836000003
0.7938972431077694,1799,1417,2265,112627,0.5593905472636815,0.44266732283464566,0.4942307692307692,35686443.70999999,4907844.396000001,40594288.10599999,17346130.45400001
0.7963984962406014,1789,1380,2275,112664,0.5645313979173241,0.4402066929133858,0.4946771740633209,35864848.22,4784593.434,40649441.654,17290976.906000003
0.7988997493734336,1776,1348,2288,112696,0.5685019206145967,0.43700787401574803,0.49415692821368956,36079889.785,4667206.276,40747096.061,17193322.499000005
0.8014010025062657,1760,1315,2304,112729,0.5723577235772358,0.4330708661417323,0.4930662557781202,36430298.370000005,4573394.318000001,41003692.68800001,16936725.871999994
0.8039022556390977,1746,1282,2318,112762,0.5766182298546896,0.4296259842519685,0.4923857868020305,36558735.82,4452281.924,41011017.744,16929400.816
0.8064035087719298,1738,1252,2326,112792,0.5812709030100335,0.42765748031496065,0.49277005954068626,36694854.18,4308241.215000001,41003095.395,16937323.165
0.8089047619047619,1728,1215,2336,112829,0.5871559633027523,0.4251968503937008,0.49322106464963605,37061112.515,4204411.426999999,41265523.942,16674894.618
0.8114060150375939,1724,1182,2340,112862,0.5932553337921541,0.4242125984251969,0.49469153515064557,37206342.515,4057570.757,41263913.272,16676505.288000003
0.813907268170426,1707,1157,2357,112887,0.5960195530726257,0.4200295275590551,0.49278290993071594,37407123.905,3914773.9490000005,41321897.854,16618520.706
0.8164085213032581,1697,1126,2367,112918,0.6011335458731846,0.41756889763779526,0.49281254537534486,37708413.0,3836550.5840000007,41544963.584,16395454.976000004
0.8189097744360903,1691,1092,2373,112952,0.6076176787639238,0.41609251968503935,0.4939389513655615,37778933.28,3734722.1480000005,41513655.428,16426763.132
0.8214110275689223,1682,1072,2382,112972,0.6107480029048656,0.4138779527559055,0.4933998239953065,37970578.745000005,3637466.9739999995,41608045.719000004,16332372.840999998
0.8239122807017544,1670,1035,2394,113009,0.6173752310536045,0.4109251968503937,0.49342591224700844,38262524.225,3534867.3910000008,41797391.616000004,16143026.943999998
0.8264135338345865,1660,1003,2404,113041,0.6233571160345475,0.40846456692913385,0.49353352162925523,38458545.495000005,3475298.0659999996,41933843.561000004,16006574.998999998
0.8289147869674185,1647,970,2417,113074,0.6293465800534964,0.40526574803149606,0.49303996407723394,38589497.835,3336907.1950000003,41926405.03,16014013.530000001
0.8314160401002506,1638,937,2426,113107,0.6361165048543689,0.4030511811023622,0.4934478084048802,38907104.375,3157378.211,42064482.586,15875935.974
0.8339172932330827,1624,906,2440,113138,0.641897233201581,0.39960629921259844,0.4925690021231422,39364242.435,3010238.9540000004,42374481.389000006,15565937.170999996
0.8364185463659147,1615,879,2449,113165,0.6475541299117883,0.3973917322834646,0.4925282098200671,39455504.345,2874257.4280000003,42329761.773,15610656.787
0.8389197994987468,1604,854,2460,113190,0.6525630593978845,0.39468503937007876,0.4918736583869978,39670639.57,2810927.6810000003,42481567.251,15458851.309
0.841421052631579,1588,826,2476,113218,0.6578293289146645,0.390748031496063,0.4902747761654832,40112569.61,2698026.043,42810595.653,15129822.907000005
0.843922305764411,1576,792,2488,113252,0.6655405405405406,0.38779527559055116,0.49004975124378114,40374559.474999994,2536182.4560000002,42910741.930999994,15029676.629000008
0.8464235588972431,1566,767,2498,113277,0.6712387483926275,0.3853346456692913,0.48960450211036427,40590174.18,2421791.883,43011966.063,14928452.497000001
0.8489248120300752,1551,744,2513,113300,0.6758169934640523,0.38164370078740156,0.48781254914294697,40759832.385,2340493.8850000002,43100326.269999996,14840092.290000007
0.8514260651629072,1535,722,2529,113322,0.6801063358440408,0.3777066929133858,0.4856826451510837,40953459.150000006,2253090.108,43206549.25800001,14733869.301999994
0.8539273182957393,1522,699,2542,113345,0.6852769022962629,0.37450787401574803,0.48432776451869536,41201997.599999994,2146660.0409999997,43348657.640999995,14591760.919000007
0.8564285714285714,1504,669,2560,113375,0.6921306948918545,0.3700787401574803,0.48228314894981555,41432436.769999996,2023019.502,43455456.27199999,14484962.28800001
0.8589298245614034,1491,645,2573,113399,0.6980337078651685,0.36687992125984253,0.48096774193548386,41688758.075,1914867.972,43603626.047000006,14336792.512999997
0.8614310776942355,1484,618,2580,113426,0.7059942911512845,0.36515748031496065,0.4813493350632501,41797152.91499999,1786170.062,43583322.97699999,14357095.583000012
0.8639323308270677,1475,597,2589,113447,0.7118725868725869,0.3629429133858268,0.48076923076923084,42092750.405,1735227.5030000003,43827977.908,14112440.652000003
0.8664335839598998,1462,579,2602,113465,0.7163155316021558,0.359744094488189,0.478951678951679,42411602.555,1645108.743,44056711.298,13883707.262000002
0.8689348370927318,1452,562,2612,113482,0.7209533267130089,0.3572834645669291,0.4777887462981244,42848031.79,1582995.35,44431027.14,13509391.420000002
0.8714360902255639,1441,541,2623,113503,0.7270433905146317,0.3545767716535433,0.4766787958981145,42991453.95999999,1531406.995,44522860.95499999,13417557.605000012
0.873937343358396,1431,521,2633,113523,0.733094262295082,0.35211614173228345,0.47573138297872347,43176093.985,1458642.5140000002,44634736.499,13305682.061000004
0.876438596491228,1422,501,2642,113543,0.7394695787831513,0.3499015748031496,0.47502922999832975,43257026.865,1391835.921,44648862.786,13291555.774000004
0.8789398496240601,1411,481,2653,113563,0.7457716701902748,0.3471948818897638,0.4738079247817326,43416202.08499999,1325095.509,44741297.594,13199120.966000006
0.8814411027568922,1400,463,2664,113581,0.7514761137949544,0.34448818897637795,0.4724143748945504,43624161.015,1241267.735,44865428.75,13074989.810000002
0.8839423558897243,1391,440,2673,113604,0.7596941561987984,0.3422736220472441,0.47192536047497885,43846814.82,1172114.7410000002,45018929.561,12921488.999000005
0.8864436090225564,1374,429,2690,113615,0.762063227953411,0.3380905511811024,0.4683824782682803,44214241.345,1131414.67,45345656.015,12594762.545000002
0.8889448621553885,1362,417,2702,113627,0.7655986509274874,0.33513779527559057,0.4661988704432654,44514967.495,1071264.8900000001,45586232.385,12354186.175000004
0.8914461152882205,1346,403,2718,113641,0.7695826186392224,0.3312007874015748,0.4630999483915362,44858494.565,1024903.5370000001,45883398.102,12057020.458000004
0.8939473684210526,1335,383,2729,113661,0.7770663562281723,0.328494094488189,0.4617779315115878,45132720.175,971269.87,46103990.044999994,11836428.515000008
0.8964486215538847,1321,365,2743,113679,0.7835112692763938,0.3250492125984252,0.4594782608695652,45416094.18,915808.7210000001,46331902.901,11608515.659000002
0.8989498746867167,1302,350,2762,113694,0.788135593220339,0.3203740157480315,0.4555633310006997,45758807.644999996,879207.5010000002,46638015.146,11302403.414000005
0.9014511278195488,1289,335,2775,113709,0.7937192118226601,0.3171751968503937,0.4532348804500703,45855733.379999995,786817.908,46642551.287999995,11297867.272000007
0.903952380952381,1272,323,2792,113721,0.7974921630094044,0.31299212598425197,0.4495493903516522,45979179.135000005,707009.0730000001,46686188.208000004,11254230.351999998
0.906453634085213,1268,308,2796,113736,0.8045685279187818,0.31200787401574803,0.4496453900709219,46076689.2,683767.252,46760456.452,11179962.108000003
0.9089548872180451,1256,296,2808,113748,0.8092783505154639,0.3090551181102362,0.4472934472934472,46156190.61,610954.41,46767145.019999996,11173273.540000007
0.9114561403508772,1246,284,2818,113760,0.8143790849673203,0.3065944881889764,0.44547729710404005,46238103.629999995,570347.881,46808451.51099999,11131967.04900001
0.9139573934837093,1231,274,2833,113770,0.8179401993355482,0.30290354330708663,0.4420901418567068,46321258.61,526073.1780000001,46847331.788,11093086.772
0.9164586466165413,1218,261,2846,113783,0.8235294117647058,0.29970472440944884,0.43947320945336465,46530575.17,488661.025,47019236.195,10921182.365000002
0.9189598997493734,1208,251,2856,113793,0.8279643591501028,0.297244094488189,0.4374434184320116,46613524.51,452219.378,47065743.888,10874674.672000006
0.9214611528822055,1186,240,2878,113804,0.8316970546984572,0.2918307086614173,0.43205828779599265,46815922.879999995,389429.218,47205352.098,10735066.462000005
0.9239624060150375,1178,226,2886,113818,0.8390313390313391,0.28986220472440943,0.4308705193855157,46957722.385,346144.95,47303867.335,10636551.225000001
0.9264636591478697,1160,219,2904,113825,0.8411892675852066,0.2854330708661417,0.42623553187580376,47237709.669999994,332123.79699999996,47569833.46699999,10370585.09300001
0.9289649122807018,1147,213,2917,113831,0.8433823529411765,0.28223425196850394,0.42293510324483774,47393233.555,325245.95100000006,47718479.506,10221939.054000005
0.9314661654135338,1130,200,2934,113844,0.849624060150376,0.2780511811023622,0.4189840563589173,47709735.73,309053.65700000006,48018789.386999995,9921629.173000008
0.9339674185463659,1110,191,2954,113853,0.8531898539584934,0.27312992125984253,0.41379310344827586,48003926.779999994,284402.07999999996,48288328.85999999,9652089.70000001
0.936468671679198,1100,180,2964,113864,0.859375,0.2706692913385827,0.4116766467065869,48109008.25,221426.53500000003,48330434.785,9609983.775000006
0.93896992481203,1077,172,2987,113872,0.8622898318654924,0.265009842519685,0.4054206662902315,48441489.69,207198.97600000002,48648688.666,9291729.894000001
0.9414711779448621,1058,164,3006,113880,0.8657937806873978,0.2603346456692913,0.4003026863412788,48625210.230000004,174250.94900000002,48799461.179000005,9140957.380999997
0.9439724310776942,1047,156,3017,113888,0.8703241895261845,0.2576279527559055,0.3975697740649326,48725966.31,162421.937,48888388.247,9052030.313000001
0.9464736842105262,1024,149,3040,113895,0.8729752770673487,0.25196850393700787,0.391063586022532,48964395.16500001,158469.64600000004,49122864.811000004,8817553.748999998
0.9489749373433584,1004,138,3060,113906,0.8791593695271454,0.2470472440944882,0.3857087975412985,49233329.230000004,142118.43700000003,49375447.667,8564970.893
0.9514761904761905,984,131,3080,113913,0.8825112107623319,0.2421259842519685,0.3799961382506275,49458174.985,129739.161,49587914.146,8352504.4140000045
0.9539774436090225,965,125,3099,113919,0.8853211009174312,0.2374507874015748,0.3744664338377958,49913705.89,122374.75800000003,50036080.648,7904337.9120000005
0.9564786967418546,949,123,3115,113921,0.8852611940298507,0.23351377952755906,0.3695482866043614,50077365.394999996,120144.35700000002,50197509.752,7742908.808000006
0.9589799498746867,922,116,3142,113928,0.8882466281310212,0.2268700787401575,0.36142689141513135,50373913.019999996,112557.92500000002,50486470.94499999,7453947.61500001
0.9614812030075187,896,109,3168,113935,0.891542288557214,0.2204724409448819,0.3535214046162951,50578923.545,106454.57300000002,50685378.118,7255040.442000002
0.9639824561403508,863,100,3201,113944,0.8961578400830738,0.21235236220472442,0.3433459319673762,50833354.21,100542.52100000001,50933896.731,7006521.829000004
0.966483709273183,825,92,3239,113952,0.8996728462377317,0.203001968503937,0.33125878337683196,51035366.504999995,93451.32400000002,51128817.828999996,6811600.731000006
0.9689849624060151,789,90,3275,113954,0.8976109215017065,0.19414370078740156,0.3192393283431115,51290980.47,92476.152,51383456.622,6556961.938000001
0.9714862155388471,748,82,3316,113962,0.9012048192771084,0.18405511811023623,0.3056804250102166,51668145.99,78567.27500000001,51746713.265,6193705.295000002
0.9739874686716792,695,73,3369,113971,0.9049479166666666,0.17101377952755906,0.28766556291390727,52206457.375,72341.60700000002,52278798.982,5661619.578000002
0.9764887218045113,636,67,3428,113977,0.9046941678520626,0.15649606299212598,0.2668344870988043,52666283.36,67655.91100000002,52733939.271,5206479.2890000045
0.9789899749373433,577,60,3487,113984,0.9058084772370487,0.1419783464566929,0.2454796851733674,53177368.34,61758.63300000001,53239126.973000005,4701291.5869999975
0.9814912280701754,504,47,3560,113997,0.9147005444646098,0.12401574803149606,0.21841820151679303,53783061.95999999,47492.932,53830554.89199999,4109863.6680000126
0.9839924812030075,417,40,3647,114004,0.912472647702407,0.10260826771653543,0.1844724618447246,54487123.43,42976.139,54530099.569,3410318.991000004
0.9864937343358395,331,23,3733,114021,0.9350282485875706,0.08144685039370078,0.14984155726573106,55223013.825,21764.490999999998,55244778.316,2695640.2440000027
0.9889949874686716,205,7,3859,114037,0.9669811320754716,0.05044291338582677,0.09588400374181479,56296752.305,10682.795000000002,56307435.1,1632983.460000001
0.9914962406015038,10,0,4054,114044,1.0,0.0024606299212598425,0.004909180166912125,57719293.56,0.0,57719293.56,221125.0
0.9939974937343358,0,0,4064,114044,0.0,0.0,0.0,57940418.56,0.0,57940418.56,0.0
0.9964987468671679,0,0,4064,114044,0.0,0.0,0.0,57940418.56,0.0,57940418.56,0.0
0.999,0,0,4064,114044,0.0,0.0,0.0,57940418.56,0.0,57940418.56,0.0
